<?xml version="1.0" encoding="UTF-8"?>
<GenRun Id="impl_1" LaunchPart="xc7a35tcpg236-1" LaunchTime="1709338453">
  <File Type="BITSTR-BMM" Name="top_mod_bd.bmm"/>
  <File Type="OPT-METHODOLOGY-DRC" Name="top_mod_methodology_drc_opted.rpt"/>
  <File Type="INIT-TIMING" Name="top_mod_timing_summary_init.rpt"/>
  <File Type="ROUTE-PWR" Name="top_mod_power_routed.rpt"/>
  <File Type="PA-TCL" Name="top_mod.tcl"/>
  <File Type="OPT-TIMING" Name="top_mod_timing_summary_opted.rpt"/>
  <File Type="OPT-DCP" Name="top_mod_opt.dcp"/>
  <File Type="ROUTE-PWR-SUM" Name="top_mod_power_summary_routed.pb"/>
  <File Type="REPORTS-TCL" Name="top_mod_reports.tcl"/>
  <File Type="OPT-DRC" Name="top_mod_drc_opted.rpt"/>
  <File Type="OPT-HWDEF" Name="top_mod.hwdef"/>
  <File Type="PWROPT-DCP" Name="top_mod_pwropt.dcp"/>
  <File Type="PWROPT-DRC" Name="top_mod_drc_pwropted.rpt"/>
  <File Type="PWROPT-TIMING" Name="top_mod_timing_summary_pwropted.rpt"/>
  <File Type="PLACE-DCP" Name="top_mod_placed.dcp"/>
  <File Type="PLACE-IO" Name="top_mod_io_placed.rpt"/>
  <File Type="PLACE-CLK" Name="top_mod_clock_utilization_placed.rpt"/>
  <File Type="PLACE-UTIL" Name="top_mod_utilization_placed.rpt"/>
  <File Type="PLACE-UTIL-PB" Name="top_mod_utilization_placed.pb"/>
  <File Type="PLACE-CTRL" Name="top_mod_control_sets_placed.rpt"/>
  <File Type="PLACE-SIMILARITY" Name="top_mod_incremental_reuse_placed.rpt"/>
  <File Type="PLACE-PRE-SIMILARITY" Name="top_mod_incremental_reuse_pre_placed.rpt"/>
  <File Type="BG-BGN" Name="top_mod.bgn"/>
  <File Type="PLACE-TIMING" Name="top_mod_timing_summary_placed.rpt"/>
  <File Type="POSTPLACE-PWROPT-DCP" Name="top_mod_postplace_pwropt.dcp"/>
  <File Type="BG-BIN" Name="top_mod.bin"/>
  <File Type="POSTPLACE-PWROPT-TIMING" Name="top_mod_timing_summary_postplace_pwropted.rpt"/>
  <File Type="PHYSOPT-DCP" Name="top_mod_physopt.dcp"/>
  <File Type="PHYSOPT-DRC" Name="top_mod_drc_physopted.rpt"/>
  <File Type="BITSTR-MSK" Name="top_mod.msk"/>
  <File Type="PHYSOPT-TIMING" Name="top_mod_timing_summary_physopted.rpt"/>
  <File Type="ROUTE-ERROR-DCP" Name="top_mod_routed_error.dcp"/>
  <File Type="ROUTE-DCP" Name="top_mod_routed.dcp"/>
  <File Type="ROUTE-BLACKBOX-DCP" Name="top_mod_routed_bb.dcp"/>
  <File Type="ROUTE-DRC" Name="top_mod_drc_routed.rpt"/>
  <File Type="ROUTE-DRC-PB" Name="top_mod_drc_routed.pb"/>
  <File Type="BITSTR-LTX" Name="debug_nets.ltx"/>
  <File Type="BITSTR-LTX" Name="top_mod.ltx"/>
  <File Type="ROUTE-DRC-RPX" Name="top_mod_drc_routed.rpx"/>
  <File Type="BITSTR-MMI" Name="top_mod.mmi"/>
  <File Type="ROUTE-METHODOLOGY-DRC" Name="top_mod_methodology_drc_routed.rpt"/>
  <File Type="ROUTE-METHODOLOGY-DRC-RPX" Name="top_mod_methodology_drc_routed.rpx"/>
  <File Type="BITSTR-SYSDEF" Name="top_mod.sysdef"/>
  <File Type="ROUTE-METHODOLOGY-DRC-PB" Name="top_mod_methodology_drc_routed.pb"/>
  <File Type="ROUTE-PWR-RPX" Name="top_mod_power_routed.rpx"/>
  <File Type="ROUTE-STATUS" Name="top_mod_route_status.rpt"/>
  <File Type="ROUTE-STATUS-PB" Name="top_mod_route_status.pb"/>
  <File Type="ROUTE-TIMINGSUMMARY" Name="top_mod_timing_summary_routed.rpt"/>
  <File Type="ROUTE-TIMING-PB" Name="top_mod_timing_summary_routed.pb"/>
  <File Type="ROUTE-TIMING-RPX" Name="top_mod_timing_summary_routed.rpx"/>
  <File Type="ROUTE-SIMILARITY" Name="top_mod_incremental_reuse_routed.rpt"/>
  <File Type="ROUTE-CLK" Name="top_mod_clock_utilization_routed.rpt"/>
  <File Type="ROUTE-BUS-SKEW" Name="top_mod_bus_skew_routed.rpt"/>
  <File Type="ROUTE-BUS-SKEW-PB" Name="top_mod_bus_skew_routed.pb"/>
  <File Type="ROUTE-BUS-SKEW-RPX" Name="top_mod_bus_skew_routed.rpx"/>
  <File Type="POSTROUTE-PHYSOPT-DCP" Name="top_mod_postroute_physopt.dcp"/>
  <File Type="POSTROUTE-PHYSOPT-BLACKBOX-DCP" Name="top_mod_postroute_physopt_bb.dcp"/>
  <File Type="POSTROUTE-PHYSOPT-TIMING" Name="top_mod_timing_summary_postroute_physopted.rpt"/>
  <File Type="POSTROUTE-PHYSOPT-TIMING-PB" Name="top_mod_timing_summary_postroute_physopted.pb"/>
  <File Type="POSTROUTE-PHYSOPT-TIMING-RPX" Name="top_mod_timing_summary_postroute_physopted.rpx"/>
  <File Type="POSTROUTE-PHYSOPT-BUS-SKEW" Name="top_mod_bus_skew_postroute_physopted.rpt"/>
  <File Type="POSTROUTE-PHYSOPT-BUS-SKEW-PB" Name="top_mod_bus_skew_postroute_physopted.pb"/>
  <File Type="BG-BIT" Name="top_mod.bit"/>
  <File Type="POSTROUTE-PHYSOPT-BUS-SKEW-RPX" Name="top_mod_bus_skew_postroute_physopted.rpx"/>
  <File Type="BITSTR-RBT" Name="top_mod.rbt"/>
  <File Type="BITSTR-NKY" Name="top_mod.nky"/>
  <File Type="BG-DRC" Name="top_mod.drc"/>
  <File Type="RDI-RDI" Name="top_mod.vdi"/>
  <File Type="WBT-USG" Name="usage_statistics_webtalk.html"/>
  <FileSet Name="sources" Type="DesignSrcs" RelSrcDir="$PSRCDIR/sources_1">
    <Filter Type="Srcs"/>
    <File Path="$PPRDIR/../../Downloads/OV7670 camera/OV7670 camera/code/sources_1/new/adaptive_thresholding.v">
      <FileInfo>
        <Attr Name="UsedIn" Val="synthesis"/>
        <Attr Name="UsedIn" Val="implementation"/>
        <Attr Name="UsedIn" Val="simulation"/>
      </FileInfo>
    </File>
    <File Path="$PPRDIR/../../Downloads/OV7670 camera/OV7670 camera/code/sources_1/new/camera_read.v">
      <FileInfo>
        <Attr Name="UsedIn" Val="synthesis"/>
        <Attr Name="UsedIn" Val="implementation"/>
        <Attr Name="UsedIn" Val="simulation"/>
      </FileInfo>
    </File>
    <File Path="$PPRDIR/../../Downloads/OV7670 camera/OV7670 camera/code/sources_1/new/clk_divider.v">
      <FileInfo>
        <Attr Name="UsedIn" Val="synthesis"/>
        <Attr Name="UsedIn" Val="implementation"/>
        <Attr Name="UsedIn" Val="simulation"/>
      </FileInfo>
    </File>
    <File Path="$PPRDIR/../../Downloads/OV7670 camera/OV7670 camera/code/sources_1/new/gradient.v">
      <FileInfo>
        <Attr Name="UsedIn" Val="synthesis"/>
        <Attr Name="UsedIn" Val="implementation"/>
        <Attr Name="UsedIn" Val="simulation"/>
      </FileInfo>
    </File>
    <File Path="$PPRDIR/../../Downloads/OV7670 camera/OV7670 camera/code/sources_1/new/mem_ctrl_mux.v">
      <FileInfo>
        <Attr Name="UsedIn" Val="synthesis"/>
        <Attr Name="UsedIn" Val="implementation"/>
        <Attr Name="UsedIn" Val="simulation"/>
      </FileInfo>
    </File>
    <File Path="$PPRDIR/../../Downloads/OV7670 camera/OV7670 camera/code/sources_1/new/mem_ctrl_mux_out.v">
      <FileInfo>
        <Attr Name="UsedIn" Val="synthesis"/>
        <Attr Name="UsedIn" Val="implementation"/>
        <Attr Name="UsedIn" Val="simulation"/>
      </FileInfo>
    </File>
    <File Path="$PPRDIR/../../Downloads/OV7670 camera/OV7670 camera/code/sources_1/new/memory.v">
      <FileInfo>
        <Attr Name="UsedIn" Val="synthesis"/>
        <Attr Name="UsedIn" Val="implementation"/>
        <Attr Name="UsedIn" Val="simulation"/>
      </FileInfo>
    </File>
    <File Path="$PPRDIR/../../Downloads/OV7670 camera/OV7670 camera/code/sources_1/new/memory_4x4.v">
      <FileInfo>
        <Attr Name="UsedIn" Val="synthesis"/>
        <Attr Name="UsedIn" Val="implementation"/>
        <Attr Name="UsedIn" Val="simulation"/>
      </FileInfo>
    </File>
    <File Path="$PPRDIR/../../Downloads/OV7670 camera/OV7670 camera/code/sources_1/new/transmitter.v">
      <FileInfo>
        <Attr Name="UsedIn" Val="synthesis"/>
        <Attr Name="UsedIn" Val="implementation"/>
        <Attr Name="UsedIn" Val="simulation"/>
      </FileInfo>
    </File>
    <File Path="$PPRDIR/../../Downloads/OV7670 camera/OV7670 camera/code/sources_1/new/vga_640x480.v">
      <FileInfo>
        <Attr Name="UsedIn" Val="synthesis"/>
        <Attr Name="UsedIn" Val="implementation"/>
        <Attr Name="UsedIn" Val="simulation"/>
      </FileInfo>
    </File>
    <File Path="$PPRDIR/../../Downloads/OV7670 camera/OV7670 camera/code/sources_1/new/top_mod.v">
      <FileInfo>
        <Attr Name="UsedIn" Val="synthesis"/>
        <Attr Name="UsedIn" Val="implementation"/>
        <Attr Name="UsedIn" Val="simulation"/>
      </FileInfo>
    </File>
    <File Path="$PSRCDIR/sources_1/bd/design_1/design_1.bd">
      <FileInfo>
        <Attr Name="AutoDisabled" Val="1"/>
        <Attr Name="UsedIn" Val="synthesis"/>
        <Attr Name="UsedIn" Val="implementation"/>
        <Attr Name="UsedIn" Val="simulation"/>
      </FileInfo>
    </File>
    <File Path="$PSRCDIR/sources_1/bd/design_1/hdl/design_1_wrapper.v">
      <FileInfo>
        <Attr Name="AutoDisabled" Val="1"/>
        <Attr Name="UsedIn" Val="synthesis"/>
        <Attr Name="UsedIn" Val="implementation"/>
        <Attr Name="UsedIn" Val="simulation"/>
      </FileInfo>
    </File>
    <Config>
      <Option Name="DesignMode" Val="RTL"/>
      <Option Name="TopModule" Val="top_mod"/>
      <Option Name="TopAutoSet" Val="TRUE"/>
    </Config>
  </FileSet>
  <FileSet Name="constrs_in" Type="Constrs" RelSrcDir="$PSRCDIR/constrs_1">
    <Filter Type="Constrs"/>
    <File Path="$PSRCDIR/constrs_1/new/Basys-3-Master.xdc">
      <FileInfo>
        <Attr Name="UsedIn" Val="synthesis"/>
        <Attr Name="UsedIn" Val="implementation"/>
      </FileInfo>
    </File>
    <Config>
      <Option Name="ConstrsType" Val="XDC"/>
    </Config>
  </FileSet>
  <Strategy Version="1" Minor="2">
    <StratHandle Name="Vivado Implementation Defaults" Flow="Vivado Implementation 2018">
      <Desc>Default settings for Implementation.</Desc>
    </StratHandle>
    <Step Id="init_design"/>
    <Step Id="opt_design"/>
    <Step Id="power_opt_design"/>
    <Step Id="place_design"/>
    <Step Id="post_place_power_opt_design"/>
    <Step Id="phys_opt_design"/>
    <Step Id="route_design"/>
    <Step Id="post_route_phys_opt_design"/>
    <Step Id="write_bitstream"/>
  </Strategy>
</GenRun>
